{
  "Petición HTTP" : {
    "transaction" : "Petición HTTP",
    "sampleCount" : 500,
    "errorCount" : 0,
    "errorPct" : 0.0,
    "meanResTime" : 7.090000000000004,
    "medianResTime" : 2.0,
    "minResTime" : 0.0,
    "maxResTime" : 41.0,
    "pct1ResTime" : 21.0,
    "pct2ResTime" : 32.0,
    "pct3ResTime" : 38.99000000000001,
    "throughput" : 556.7928730512249,
    "receivedKBytesPerSec" : 6105.255602728285,
    "sentKBytesPerSec" : 63.074192650334076
  },
  "Total" : {
    "transaction" : "Total",
    "sampleCount" : 500,
    "errorCount" : 0,
    "errorPct" : 0.0,
    "meanResTime" : 7.090000000000004,
    "medianResTime" : 2.0,
    "minResTime" : 0.0,
    "maxResTime" : 41.0,
    "pct1ResTime" : 21.0,
    "pct2ResTime" : 32.0,
    "pct3ResTime" : 38.99000000000001,
    "throughput" : 556.7928730512249,
    "receivedKBytesPerSec" : 6105.255602728285,
    "sentKBytesPerSec" : 63.074192650334076
  }
}